﻿Designator,Footprint,Quantity,Value,LCSC Part #
J1,PinHeader_1x02_P2.54mm_Vertical,1,Conn_01x02_Pin,
"J4, J5, J6",PinHeader_1x03_P2.54mm_Vertical,3,Conn_01x03_Pin,
M1,PowerBoost,1,~,
MCU1,raspberry pi pico,1,~,
Q1,SOT-23,1,AO3400A,
Q2,TO-92_Inline,1,2N3904,
Q3,SOT-23,1,DMG2301L,
"R1, R4",0805,2,100K,
"R2, R3",0805,2,1K,
R5,0805,1,22K,
S1,BMP280,1,~,
SW1,PinHeader_1x03_P2.54mm_Vertical,1,SW_DPDT_x2,
U1,RFM69HCW,1,~,
U2,KPEG132,1,~,
U3,MPU6050,1,MPU6050,
U4,TO-92L_Inline,1,~,
U5,SGP30,1,SGP30,
